-- Seleccionar la base de datos biblioteca
USE biblioteca;

-- Insertar datos de ejemplo en la tabla roles
INSERT INTO roles VALUES
(1,'Administrador'),
(2,'Usuario');

-- Ejemplos de libros de ficción general
INSERT INTO libros (titulo, genero, autor, ano_publicacion, editorial) VALUES
("Cien anos de soledad", "Ficcion", "Gabriel Garcia Marquez", 1967, "Ediciones conmemorativas de la Real Academia Espanola"),
("Don Quijote de la Mancha", "Ficcion", "Miguel de Cervantes", 1605, "Editorial Castalia"),
("La sombra del viento", "Ficcion", "Carlos Ruiz Zafon", 2001, "Editorial Planeta"),
("Rayuela", "Ficcion", "Julio Cortazar", 1963, "Editorial Sudamericana"),
("El amor en los tiempos del colera", "Ficcion", "Gabriel Garcia Marquez", 1985, "Editorial Sudamericana"),
("Pedro Paramo", "Ficcion", "Juan Rulfo", 1955, "Editorial rm"),
("La casa de los espiritus", "Ficcion", "Isabel Allende", 1982, "DEBOLSILLO"),
("El tunel", "Ficcion", "Ernesto Sabato", 1948, "Austral"),
("Ficciones", "Ficcion", "Jorge Luis Borges", 1944, "Alianza Editorial"),
("El laberinto de los espiritus", "Ficcion", "Carlos Ruiz Zafon", 2016, "Editorial Planeta"),
("Los detectives salvajes", "Ficcion", "Roberto Bolano", 1998, "DEBOLSILLO"),
("2666", "Ficcion", "Roberto Bolano", 2004, "Editorial Anagrama"),
("El perfume", "Ficcion", "Patrick Suskind", 1985, "Editorial Seix Barral"),
("La verdad sobre el caso Savolta", "Ficcion", "Eduardo Mendoza", 1975, "Editorial Seix Barral"),
("Los renglones torcidos de Dios", "Ficcion", "Torcuato Luca de Tena", 1979, "Editorial Austral"),
("El prisionero del cielo", "Ficcion", "Carlos Ruiz Zafon", 2011, "Editorial Planeta"),
("La casa de papel", "Ficcion", "Carlos Maria Dominguez", 2017, "Editorial Alfaguara"),
("La hoguera de las vanidades", "Ficcion", "Tom Wolfe", 1987, "Editorial RBA"),
("Los pilares de la Tierra", "Ficcion", "Ken Follett", 1989, "DEBOLSILLO"),
("El retrato de Dorian Gray", "Ficcion", "Oscar Wilde", 1890, "Editorial Lippincott's Monthly Magazine"),
("El club Dumas", "Ficcion", "Arturo Perez-Reverte", 1993, "Editorial Alfaguara"),
("El coronel no tiene quien le escriba", "Ficcion", "Gabriel Garcia Marquez", 1961, "Editorial La Oveja Negra"),
("El Aleph", "Ficcion", "Jorge Luis Borges", 1949, "Editorial Losada"),
("La ladrona de libros", "Ficcion", "Markus Zusak", 2005, "Editorial Lumen");

-- Ejemplos de libros de fantasía y ciencia ficción
INSERT INTO libros (titulo, genero, autor, ano_publicacion, editorial) VALUES
("Harry Potter y la piedra filosofal", "Fantasia", "J.K. Rowling", 1997, "Salamandra"),
("El senor de los anillos", "Fantasia", "J.R.R. Tolkien", 1954, "Minotauro"),
("Cronicas de Narnia: El leon, la bruja y el armario", "Fantasia", "C.S. Lewis", 1950, "HarperCollins"),
("Juego de tronos", "Fantasia", "George R.R. Martin", 1996, "Gilgamesh"),
("Cazadores de sombras: Ciudad de hueso", "Fantasia", "Cassandra Clare", 2007, "Planeta"),
("El nombre del viento", "Fantasia", "Patrick Rothfuss", 2007, "DAW Books"),
("El hobbit", "Fantasia", "J.R.R. Tolkien", 1937, "Allen & Unwin"),
("Crepusculo", "Fantasia", "Stephenie Meyer", 2005, "Little, Brown and Company"),
("Los juegos del hambre", "Ciencia ficcion", "Suzanne Collins", 2008, "Molino"),
("Dune", "Ciencia ficcion", "Frank Herbert", 1965, "Chilton Books"),
("Fundacion", "Ciencia ficcion", "Isaac Asimov", 1951, "Gnome Press"),
("El fin de la eternidad", "Ciencia ficcion", "Isaac Asimov", 1955, "Doubleday"),
("Neuromante", "Ciencia ficcion", "William Gibson", 1984, "Ace Books"),
("El hombre en el castillo", "Ciencia ficcion", "Philip K. Dick", 1962, "booket"),
("Un mundo feliz", "Ciencia ficcion", "Aldous Huxley", 1932, "DEBOLSILLO"),
("La maquina del tiempo", "Ciencia ficcion", "H.G. Wells", 1895, "Juventud"),
("Solaris", "Ciencia ficcion", "Stanislaw Lem", 1961, "booket"),
("Blade Runner: Suenan los androides con ovejas electricas?", "Ciencia ficcion", "Philip K. Dick", 1968, "EDHASA"),
("Ready Player One", "Ciencia ficcion", "Ernest Cline", 2011, "Nova");

-- Insertar 50 nuevos ejemplos de grandes libros de la literatura universal
INSERT INTO libros (titulo, genero, autor, ano_publicacion, editorial) VALUES
("Ulises", "Ficcion", "James Joyce", 1922, "DEBOLSILLO"),
("Guerra y paz", "Ficcion", "Leon Tolstoi", 1869, "Alba Clasica Maior"),
("En busca del tiempo perdido", "Ficcion", "Marcel Proust", 1913, "Alianza Editorial"),
("Moby-Dick", "Ficcion", "Herman Melville", 1851, "Alianza Editorial"),
("Las aventuras de Huckleberry Finn", "Ficcion", "Mark Twain", 1884, "Austral"),
("Madame Bovary", "Ficcion", "Gustave Flaubert", 1857, "Alma"),
("En el camino", "Ficcion", "Jack Kerouac", 1957, "Anagrama"),
("Don Alvaro o la fuerza del sino", "Ficcion", "Angel de Saavedra", 1835, "Edelvives"),
("El gran Gatsby", "Ficcion", "F. Scott Fitzgerald", 1925, "Charles Scribner's Sons"),
("El extranjero", "Ficcion", "Albert Camus", 1942, "emc"),
("David Copperfield", "Ficcion", "Charles Dickens", 1850, "Alba"),
("Orgullo y prejuicio", "Ficcion", "Jane Austen", 1813, "Penguin"),
("La montana magica", "Ficcion", "Thomas Mann", 1924, "DEBOLSILLO"),
("Robinson Crusoe", "Ficcion", "Daniel Defoe", 1719, "W. Taylor"),
("Rebelion en la granja", "Ficcion", "George Orwell", 1945, "Calameo"),
("El retrato de una dama", "Ficcion", "Henry James", 1881, "Alianza Tres"),
("Las uvas de la ira", "Ficcion", "John Steinbeck", 1939, "Galaxia Guttemberg"),
("Vida y destino", "Ficcion", "Vasili Grossman", 1980, "Harper & Row"),
("La naranja mecanica", "Ficcion", "Anthony Burgess", 1962, "Booket"),
("Lo que el viento se llevo", "Ficcion", "Margaret Mitchell", 1936, "RBA"),
("El tambor de hojalata", "Ficcion", "Gunter Grass", 1959, "Luchterhand"),
("Los hermanos Karamazov", "Ficcion", "Fiodor Dostoievski", 1880, "The Russian Messenger"),
("Doctor Zhivago", "Ficcion", "Boris Pasternak", 1957, "Gallimard"),
("Matar un ruisenor", "Ficcion", "Harper Lee", 1960, "J.B. Lippincott & Co."),
("La feria de las vanidades", "Ficcion", "William Makepeace Thackeray", 1947, "Alba"),
("Cumbres borrascosas", "Ficcion", "Emily Bronte", 1847, "Thomas Cautley Newby"),
("Alicia en el pais de las maravillas", "Ficcion", "Lewis Carroll", 1965, "Macmillan"),
("Las brujas", "Ficcion", "Roald Dahl", 1983, "Anagrama");

-- Insertar 50 ejemplos de libros de novela negra y misterio
INSERT INTO libros (titulo, genero, autor, ano_publicacion, editorial) VALUES
("El nombre de la rosa", "Novela negra", "Umberto Eco", 1980, "Lumen"),
("El cuervo", "Novela negra", "Edgar Allan Poe", 1945, "Alma Clasicos"),
("La ventana indiscreta", "Novela negra", "Cornell Woolrich", 1942, "Planeta"),
("El silencio de los corderos", "Novela negra", "Thomas Harris", 1988, "DEBOLSILLO"),
("Los hombres que no amaban a las mujeres", "Novela negra", "Stieg Larsson", 2005, "Destino"),
("Muerte en el Nilo", "Novela negra", "Agatha Christie", 1937, "Collins Crime Club"),
("El hombre equivocado", "Novela negra", "John Katzenbach", 1987, "Maxi"),
("El cartero siempre llama dos veces", "Novela negra", "James M. Cain", 1934, "Alfred A. Knopf"),
("El silencio de la ciudad blanca", "Novela negra", "Eva Garcia Saenz de Urturi", 2016, "Editorial Planeta"),
("La clave esta en Rebeca", "Novela negra", "Ken Follett", 1980, "Planeta DeAgostini"),
("El muneco de nieve", "Novela negra", "Jo Nesbo", 2007, "DEBOLSILLO."),
("El hombre que fue jueves", "Novela negra", "G. K. Chesterton", 1908, "Harper's Weekly"),
("El arte de la novela", "Novela negra", "Milan Kundera", 1986, "Maxi-TusQuets"),
("El veredicto", "Novela negra", "Michael Connelly", 2011, "rocabolsillo");

-- Insertar 50 ejemplos de libros de autoayuda y superacion personal
INSERT INTO libros (titulo, genero, autor, ano_publicacion, editorial) VALUES
("El monje que vendio su Ferrari", "Autoayuda", "Robin Sharma", 1997, "DeBolsillo"),
("El poder del ahora", "Autoayuda", "Eckhart Tolle", 1997, "Gaia"),
("Padre rico, padre pobre", "Autoayuda", "Robert Kiyosaki", 1997, "DeBolsillo"),
("Los 7 habitos de la gente altamente efectiva", "Autoayuda", "Stephen Covey", 1989, "Free Press"),
("Despertando al gigante interior", "Autoayuda", "Tony Robbins", 1991, "DeBolsillo"),
("El secreto", "Autoayuda", "Rhonda Byrne", 2006, "Atria Books"),
("Piense y hagase rico", "Autoayuda", "Napoleon Hill", 1937, "The Ralston Society"),
("Mujeres que corren con los lobos", "Autoayuda", "Clarissa Pinkola Estes", 1992, "Ballantine Books"),
("El codigo del dinero", "Autoayuda", "Raimon Samso", 2012, "Editorial Sirio"),
("El alquimista", "Autoayuda", "Paulo Coelho", 1988, "Rocco"),
("Como ganar amigos e influir sobre las personas", "Autoayuda", "Dale Carnegie", 1936, "Simon & Schuster"),
("El caballero de la armadura oxidada", "Autoayuda", "Robert Fisher", 1986, "Obelisco"),
("La magia del orden", "Autoayuda", "Marie Kondo", 2011, "Ten Speed Press"),
("Quien se ha llevado mi queso", "Autoayuda", "Spencer Johnson", 1998, "G.P. Putnam's Sons");

-- Insertar 20 libros de Stephen King
INSERT INTO libros (titulo, genero, autor, ano_publicacion, editorial) VALUES
("El resplandor", "Terror", "Stephen King", 1977, "Doubleday"),
("It", "Terror", "Stephen King", 1986, "Viking Press"),
("Cementerio de animales", "Terror", "Stephen King", 1983, "DeBolsillo"),
("Carrie", "Terror", "Stephen King", 1974, "DeBolsillo"),
("Misery", "Terror", "Stephen King", 1987, "DeBolsillo"),
("La cupula", "Ciencia ficcion", "Stephen King", 2009, "Scribner"),
("El pistolero", "Fantasia", "Stephen King", 1982, "DeBolsillo"),
("El fugitivo", "Suspense", "Stephen King", 1982, "Signet Books"),
("La torre oscura mago y cristal", "Fantasia", "Stephen King", 2004, "DeBolsillo"),
("El talisman", "Fantasia", "Stephen King", 1984, "Booket"),
("El cazador de suenos", "Ciencia ficcion", "Stephen King", 2001, "Scribner"),
("Doctor Sueno", "Terror", "Stephen King", 2013, "DeBolsillo"),
("22/11/63", "Ciencia ficcion", "Stephen King", 2011, "Scribner"),
("Apocalipsis", "Terror", "Stephen King", 1978, "DeBolsillo"),
("La milla verde", "Fantasia", "Stephen King", 1996, "DeBolsillo"),
("Salem's Lot", "Terror", "Stephen King", 1975, "Doubleday"),
("La larga marcha", "Ciencia ficcion", "Stephen King", 1979, "Bachman"),
("La mitad oscura", "Terror", "Stephen King", 1989, "DeBolsillo"),
("La danza de la muerte", "Terror", "Stephen King", 1978, "Doubleday");

-- Insertar ejemplos variados de libros
INSERT INTO libros (titulo, genero, autor, ano_publicacion, editorial) VALUES
("El club de la lucha", "Novela", "Chuck Palahniuk", 1996, "DeBolsillo"),
("El juego de Ender", "Ciencia ficcion", "Orson Scott Card", 1985, "Tor Books"),
("La ciudad y los perros", "Novela", "Mario Vargas Llosa", 1962, "Seix Barral"),
("Harry Potter y el prisionero de Azkaban", "Fantasia", "J.K. Rowling", 1999, "Alfaguara"),
("American Gods", "Fantasia", "Neil Gaiman", 2001, "rocabolsillo"),
("Bajo la misma estrella", "Juvenil", "John Green", 2012, "Nube de tinta"),
("Cronica de una muerte anunciada", "Novela", "Gabriel Garcia Marquez", 1981, "DeBolsillo"),
("La elegancia del erizo", "Novela", "Muriel Barbery", 2006, "booket"),
("Jurassic Park", "Ciencia ficcion", "Michael Crichton", 1990, "Alfred A. Knopf"),
("La insoportable levedad del ser", "Novela", "Milan Kundera", 1984, "TusQuets"),
("El silmarillion", "Fantasia", "J.R.R. Tolkien", 1977, "booket"),
("El guardian entre el centeno", "Novela", "J.D. Salinger", 1951, "Alianza"),
("La chica que sonaba con una cerilla y un bidon de gasolina", "Suspense", "Stieg Larsson", 2006, "Norstedts Forlag"),
("El mundo de Sofia", "Novela", "Jostein Gaarder", 1991, "Siruela"),
("Sapiens: De animales a dioses", "No ficcion", "Yuval Noah Harari", 2011, "Kinneret Zmora-Bitan Dvir");

-- Insertar libros de programación y filosofía
INSERT INTO libros (titulo, genero, autor, ano_publicacion, editorial) VALUES
("Codigo Limpio: Manual de estilo para el desarrollo agil de software", "Programacion", "Robert C. Martin", 2008, "Anaya"),
("El Programador Pragmatico: Tu viaje hacia la maestria", "Programacion", "Andrew Hunt, David Thomas", 1999, "Anaya"),
("Patrones de Diseno: Elementos de software orientado a objetos reutilizable", "Programacion", "Erich Gamma, Richard Helm, Ralph Johnson, John Vlissides", 1994, "Addison-Wesley Professional"),
("Refactoring: Mejorando el diseno de codigo existente", "Programacion", "Martin Fowler", 1999, "Addison-Wesley Professional"),
("Arquitectura Limpia: Guia del artesano para la estructura y el diseno de software", "Programacion", "Robert C. Martin", 2017, "Prentice Hall"),
("Patrones de Diseno: Head First", "Programacion", "Eric Freeman, Elisabeth Robson, Bert Bates, Kathy Sierra", 2004, "O'Reilly Media"),
("Estructura e Interpretacion de Programas de Computadora", "Programacion", "Harold Abelson, Gerald Jay Sussman, Julie Sussman", 1984, "MIT Press"),
("Introduccion a los algoritmos", "Programacion", "Thomas H. Cormen, Charles E. Leiserson, Ronald L. Rivest, Clifford Stein", 1990, "MIT Press"),
("Perlitas de Programacion", "Programacion", "Jon Bentley", 1986, "Addison-Wesley Professional"),
("El Arte de la Programacion Informatica", "Programacion", "Donald E. Knuth", 1968, "Addison-Wesley Professional"),
("Java Efectivo", "Programacion", "Joshua Bloch", 2001, "Addison-Wesley Professional"),
("El Lenguaje de Programacion C", "Programacion", "Brian Kernighan, Dennis Ritchie", 1978, "Prentice Hall"),
("JavaScript: Las Buenas Partes", "Programacion", "Douglas Crockford", 2008, "O'Reilly Media"),
("JavaScript Elocuente: Una introduccion moderna a la programacion", "Programacion", "Marijn Haverbeke", 2011, "No Starch Press"),
("Python: Curso Intensivo de Inicio a la Programacion", "Programacion", "Eric Matthes", 2015, "No Starch Press"),
("Aprendiendo Python", "Programacion", "Mark Lutz", 1999, "O'Reilly Media"),
("Scala para los Impacientes", "Programacion", "Cay S. Horstmann", 2012, "Addison-Wesley Professional"),
("Python Efectivo: 90 formas especificas de escribir un mejor codigo Python", "Programacion", "Brett Slatkin", 2015, "Addison-Wesley Professional"),
("Java Head First", "Programacion", "Kathy Sierra, Bert Bates", 2003, "O'Reilly Media"),
("Aprendiendo Perl", "Programacion", "Randal L. Schwartz, Tom Phoenix, brian d foy", 1993, "O'Reilly Media"),
("Java en Practica de la Concurrencia", "Programacion", "Brian Goetz, Tim Peierls, Joshua Bloch, Joseph Bowbeer, David Holmes, Doug Lea", 2006, "Addison-Wesley Professional"),
("El Lenguaje de Programacion Rust", "Programacion", "Steve Klabnik, Carol Nichols", 2018, "No Starch Press"),
("Aprendiendo PHP, MySQL y JavaScript", "Programacion", "Robin Nixon", 2018, "O'Reilly Media"),
("Programacion en Haskell", "Programacion", "Graham Hutton", 2007, "Cambridge University Press"),
("Antipatrones SQL: Evitar las trampas de la programacion de bases de datos", "Programacion", "Bill Karwin", 2010, "Pragmatic Bookshelf"),
("Algoritmos", "Programacion", "Robert Sedgewick, Kevin Wayne", 2011, "Addison-Wesley Professional");

-- Insertar libros de filosofía
INSERT INTO libros (titulo, genero, autor, ano_publicacion, editorial) VALUES
("Meditaciones", "Filosofia", "Marco Aurelio", 180, "Desconocido"),
("Asi hablo Zaratustra", "Filosofia", "Friedrich Nietzsche", 1883, "Alma"),
("Critica de la razon pura", "Filosofia", "Immanuel Kant", 1781, "Desconocido"),
("Etica a Nicomaco", "Filosofia", "Aristoteles", -350, "Desconocido"),
("La Republica", "Filosofia", "Platon", -380, "Desconocido"),
("Cartas a Lucilio", "Filosofia", "Lucio Anneo Seneca", 65, "Desconocido"),
("Mas alla del bien y del mal", "Filosofia", "Friedrich Nietzsche", 1886, "Desconocido"),
("El arte de amar", "Filosofia", "Erich Fromm", 1956, "Desconocido"),
("El elogio de la locura", "Filosofia", "Erasmo de Rotterdam", 1511, "Desconocido"),
("Dialogos", "Filosofia", "Platon", -360, "Desconocido"),
("Crepusculo de los idolos", "Filosofia", "Friedrich Nietzsche", 1889, "Desconocido"),
("El banquete", "Filosofia", "Platon", -385, "Desconocido"),
("Criton", "Filosofia", "Platon", -399, "Desconocido"),
("La etica protestante y el espiritu del capitalismo", "Filosofia", "Max Weber", 1905, "Desconocido"),
("El Anticristo", "Filosofia", "Friedrich Nietzsche", 1895, "Desconocido"),
("La riqueza de las naciones", "Filosofia", "Adam Smith", 1776, "Desconocido"),
("La sociedad del cansancio", "Filosofia", "Byung-Chul Han", 2010, "Desconocido"),
("Elogio de la sombra", "Filosofia", "Jun'ichiro Tanizaki", 1933, "Desconocido"),
("Ensayo sobre la ceguera", "Filosofia", "Jose Saramago", 1995, "Desconocido"),
("El arte de la guerra", "Filosofia", "Sun Tzu", 500, "Desconocido"),
("La rebelion de las masas", "Filosofia", "Jose Ortega y Gasset", 1930, "Desconocido"),
("Ser y tiempo", "Filosofia", "Martin Heidegger", 1927, "Desconocido"),
("Tratado sobre la tolerancia", "Filosofia", "Voltaire", 1763, "Desconocido"),
("Diario de un loco", "Filosofia", "Nikolai Gogol", 1835, "Desconocido"),
("Historia de la locura en la epoca clasica", "Filosofia", "Michel Foucault", 1961, "Desconocido"),
("La condicion humana", "Filosofia", "Andre Malraux", 1933, "Desconocido"),
("El origen de la tragedia", "Filosofia", "Friedrich Nietzsche", 1872, "Desconocido");


INSERT INTO usuarios (id_usuario, nombre, contrasena, id_rol) VALUES
(1, 'MarkTwain', 'HuckleberryPass', 1),
(2, 'JaneAusten', 'Pride&Prejudice!', 2),
(3, 'ErnestHemingway', 'OldManAndTheSea123', 1),
(4, 'VirginiaWoolf', 'WavesOfCreativity', 2),
(5, 'WilliamShakespeare', 'ToBeOrNotToBe!', 1),
(6, 'JKRolkien', 'MagicRingBearer', 2),
(7, 'GabrielGarciaMarquez', 'HundredYearsOfSolitude', 1),
(8, 'AgathaChristie', 'MurderOnThePasswordExpress', 2),
(9, 'GeorgeOrwell', '1984BigBrother', 1),
(10, 'JRRMartin', 'GameOfPasswords', 2),
(11, 'LeoTolstoy', 'WarAndPeace123', 1),
(12, 'CharlesDickens', 'GreatExpectations2024', 2),
(13, 'FScottFitzgerald', 'GatsbyGreat100!', 1),
(14, 'EmilyDickinson', 'HopeIsTheThing', 2),
(15, 'EdgarAllanPoe', 'RavenNevermore!', 1),
(16, 'SylviaPlath', 'BellJar1963', 2),
(17, 'HermanMelville', 'MobyDickWhale', 1),
(18, 'FranzKafka', 'Metamorphosis1915', 2),
(19, 'OscarWilde', 'DorianGrayPortrait', 1),
(20, 'MaryShelley', 'Frankenstein1818', 2),
(21, 'daw', 'daw', 1),
(22, 'daw_user', 'daw_user', 2);


INSERT INTO listas (id_lista, id_usuario, nombre_lista, creado_desde, actualizado_desde, creado_por, actualizado_por) VALUES
(1, 11, 'Bestsellers de Bibliotecas', '2024-05-01 10:00:00', '2024-05-15 15:00:00', 11, 11),
(4, 13, 'Clásicos Imprescindibles', '2024-05-03 12:00:00', '2024-05-17 17:00:00', 13, 13),
(22, 12, 'Mundos Imaginarios', '2024-06-02 11:00:00', '2024-06-02 11:00:00', 12, 12),
(24, 17, 'Cuentos para No Dormir', '2024-06-04 13:00:00', '2024-06-04 13:00:00', 17, 17),
(21, 11, 'Historias para el Alma', '2024-06-01 10:00:00', '2024-06-01 10:00:00', 11, 11),
(8, 16, 'Obras Maestras', '2024-05-06 15:00:00', '2024-05-20 20:00:00', 16, 16),
(11, 18, 'Sombras y secretos', '2024-05-08 17:00:00', '2024-05-22 22:00:00', 18, 18),
(26, 11, 'Sabiduría y Crecimiento', '2024-06-06 15:00:00', '2024-06-06 15:00:00', 11, 11),
(27, 12, 'Reflexiones del Ser', '2024-06-07 16:00:00', '2024-06-07 16:00:00', 12, 12),
(28, 21, 'Hacker en Proceso', '2024-06-08 17:00:00', '2024-06-08 17:00:00', 21, 21),
(20, 22, 'Aprobar daw sin morir en el intento', '2024-05-13 22:00:00', '2024-05-27 03:00:00', 22, 22);


INSERT INTO libros_listas (id_libros_lista, id_libro, id_lista) VALUES
(56, 135, 28),
(57, 144, 28),
(58, 143, 28),
(59, 125, 21),
(60, 126, 21),
(61, 128, 21),
(62, 1, 1),
(63, 2, 1),
(64, 5, 1),
(65, 26, 1),
(66, 87, 26),
(67, 88, 26),
(68, 90, 26),
(69, 92, 26),
(70, 25, 22),
(71, 26, 22),
(72, 27, 22),
(74, 33, 22),
(75, 34, 22),
(76, 163, 27),
(77, 161, 27),
(78, 107, 11),
(79, 131, 11),
(80, 100, 24),
(81, 103, 24),
(82, 117, 24),
(83, 118, 24);
